HITId,HITTypeId,Title,Description,Keywords,Reward,CreationTime,MaxAssignments,RequesterAnnotation,AssignmentDurationInSeconds,AutoApprovalDelayInSeconds,Expiration,NumberOfSimilarHITs,LifetimeInSeconds,AssignmentId,WorkerId,AssignmentStatus,AcceptTime,SubmitTime,AutoApprovalTime,ApprovalTime,RejectionTime,RequesterFeedback,WorkTimeInSeconds,LifetimeApprovalRate,Last30DaysApprovalRate,Last7DaysApprovalRate,Input.url,Answer.product1,Answer.product2,Answer.product3,Approve,Reject,Texts
3J5XXLQDIW8EU9HW79XQ45MLO893V1,3KBQBQZF8K7LZ1S4O49I6140Q4VAPO,Find the names of eBikes mentioned in a reddit comment,"Open a link to a comment on Reddit, extract the names of the first 3 eBikes make/models mentioned in the comment","data collection, data extraction",$0.15 ,Fri Jan 13 15:18:31 PST 2023,2,BatchId:4986878;OriginalHitTemplateId:928390828;,300,259200,Mon Jan 16 15:18:31 PST 2023,,,3NQL1CS1525IWVCEMWVIJJEOQD8VYP,A2KJ983WWTEK4L,Approved,Fri Jan 13 16:31:29 PST 2023,Fri Jan 13 16:34:20 PST 2023,Mon Jan 16 16:34:20 PST 2023,Mon Jan 16 16:34:48 PST 2023,,,171,100% (6/6),100% (6/6),0% (0/0),https://www.reddit.com/r/ebikes/comments/y2h1bk/overwhelmed_with_options_which_company_is_best/is5rqbb/,REI CTY 2.2,ortler,MS11,,,I have had the REI CTY 2.2 for a couple of weeks and and been very happy so far. I have almost a 100 miles on it on trails bike paths and the street.
3J5XXLQDIW8EU9HW79XQ45MLO893V1,3KBQBQZF8K7LZ1S4O49I6140Q4VAPO,Find the names of eBikes mentioned in a reddit comment,"Open a link to a comment on Reddit, extract the names of the first 3 eBikes make/models mentioned in the comment","data collection, data extraction",$0.15 ,Fri Jan 13 15:18:31 PST 2023,2,BatchId:4986878;OriginalHitTemplateId:928390828;,300,259200,Mon Jan 16 15:18:31 PST 2023,,,3VELCLL3GVGWASFLASJ5NA0SVY8F1K,A3TDUHEBFJ53NM,Approved,Fri Jan 13 15:46:39 PST 2023,Fri Jan 13 15:47:48 PST 2023,Mon Jan 16 15:47:48 PST 2023,Mon Jan 16 15:48:48 PST 2023,,,69,100% (32/32),100% (32/32),0% (0/0),https://www.reddit.com/r/ebikes/comments/y2h1bk/overwhelmed_with_options_which_company_is_best/is5rqbb/,REI CTY,MTB,Ortler,,,I have had the REI CTY 2.2 for a couple of weeks and and been very happy so far. I have almost a 100 miles on it on trails bike paths and the street.
32CAVSKPDOMI7REHFF92KQ55CHLU1A,3KBQBQZF8K7LZ1S4O49I6140Q4VAPO,Find the names of eBikes mentioned in a reddit comment,"Open a link to a comment on Reddit, extract the names of the first 3 eBikes make/models mentioned in the comment","data collection, data extraction",$0.15 ,Fri Jan 13 15:18:31 PST 2023,2,BatchId:4986878;OriginalHitTemplateId:928390828;,300,259200,Mon Jan 16 15:18:31 PST 2023,,,3X3OR7WPZAX0LK92VOVIXXSK6378LF,A1VKHE5L6QVFUV,Approved,Sat Jan 14 06:29:56 PST 2023,Sat Jan 14 06:30:44 PST 2023,Tue Jan 17 06:30:44 PST 2023,Mon Jan 16 18:49:35 PST 2023,,,48,100% (7/7),100% (7/7),0% (0/0),https://www.reddit.com/r/ebikes/comments/ybmib5/help_me_find_the_right_bike_please/ithb42t/,Brompton Electric,NA,NA,,,https://us.brompton.com/bikes/brompton-electric
32CAVSKPDOMI7REHFF92KQ55CHLU1A,3KBQBQZF8K7LZ1S4O49I6140Q4VAPO,Find the names of eBikes mentioned in a reddit comment,"Open a link to a comment on Reddit, extract the names of the first 3 eBikes make/models mentioned in the comment","data collection, data extraction",$0.15 ,Fri Jan 13 15:18:31 PST 2023,2,BatchId:4986878;OriginalHitTemplateId:928390828;,300,259200,Mon Jan 16 15:18:31 PST 2023,,,3WYGZ5XF37C7KY6TOMPMZOF6T5WSKZ,A2Z7EG2D3CPBGW,Approved,Sun Jan 15 23:00:18 PST 2023,Sun Jan 15 23:00:34 PST 2023,Wed Jan 18 23:00:34 PST 2023,Mon Jan 16 18:49:35 PST 2023,,,16,100% (2/2),100% (2/2),0% (0/0),https://www.reddit.com/r/ebikes/comments/ybmib5/help_me_find_the_right_bike_please/ithb42t/,NA,NA,NA,,,https://us.brompton.com/bikes/brompton-electric
3OWZNK3RZVMPWCWDYJ9GP9FA4NZU2R,3KBQBQZF8K7LZ1S4O49I6140Q4VAPO,Find the names of eBikes mentioned in a reddit comment,"Open a link to a comment on Reddit, extract the names of the first 3 eBikes make/models mentioned in the comment","data collection, data extraction",$0.15 ,Fri Jan 13 15:18:31 PST 2023,2,BatchId:4986878;OriginalHitTemplateId:928390828;,300,259200,Mon Jan 16 15:18:31 PST 2023,,,3TVRFO09GVCQ0LAA3W7ADW9DXK3LX3,A2Z7EG2D3CPBGW,Approved,Sun Jan 15 22:56:07 PST 2023,Sun Jan 15 22:57:17 PST 2023,Wed Jan 18 22:57:17 PST 2023,Mon Jan 16 18:49:35 PST 2023,,,70,100% (2/2),100% (2/2),0% (0/0),https://www.reddit.com/r/ebikes/comments/y9who5/im_looking_to_buy_my_first_e_bike_for_trails/itc5fdb/,D2C,NA,NA,,,"For that much money you can get a better bike more suited for commute/downtown riding. Trail riding is a different story with different needs. Go to a bike store that sells and services ebikes and see what they have. The rads do what every other D2C brand does: find the cheapest Shimano derailleur to say it’s Shimano equipped. And that tourney level changer is not at all up to the task of a 500-750’watt motor. Or the freewheel. Or the off brand brakes. When you compare the cost of the bike plus shipping, plus assembly, plus first major service to replace something that gets wrecked due to it being under speced, you’ll see the value in a bike from a shop that is built with better components, professional assembly and final QC, and follow up service.
That said, if your heart is set on the rad power bike, it’s fine enough. It is one of the better d2c bikes out there. Just do be aware of their recent soft recalls and lawsuits."
3OWZNK3RZVMPWCWDYJ9GP9FA4NZU2R,3KBQBQZF8K7LZ1S4O49I6140Q4VAPO,Find the names of eBikes mentioned in a reddit comment,"Open a link to a comment on Reddit, extract the names of the first 3 eBikes make/models mentioned in the comment","data collection, data extraction",$0.15 ,Fri Jan 13 15:18:31 PST 2023,2,BatchId:4986878;OriginalHitTemplateId:928390828;,300,259200,Mon Jan 16 15:18:31 PST 2023,,,3GD6L00D33U2G272WFNII0K1SZHM1V,A3TDUHEBFJ53NM,Approved,Fri Jan 13 15:26:11 PST 2023,Fri Jan 13 15:29:19 PST 2023,Mon Jan 16 15:29:19 PST 2023,Mon Jan 16 15:29:48 PST 2023,,,188,100% (32/32),100% (32/32),0% (0/0),https://www.reddit.com/r/ebikes/comments/y9who5/im_looking_to_buy_my_first_e_bike_for_trails/itc5fdb/,Shimano,MTB,Ortler,,,"For that much money you can get a better bike more suited for commute/downtown riding. Trail riding is a different story with different needs. Go to a bike store that sells and services ebikes and see what they have. The rads do what every other D2C brand does: find the cheapest Shimano derailleur to say it’s Shimano equipped. And that tourney level changer is not at all up to the task of a 500-750’watt motor. Or the freewheel. Or the off brand brakes. When you compare the cost of the bike plus shipping, plus assembly, plus first major service to replace something that gets wrecked due to it being under speced, you’ll see the value in a bike from a shop that is built with better components, professional assembly and final QC, and follow up service.
That said, if your heart is set on the rad power bike, it’s fine enough. It is one of the better d2c bikes out there. Just do be aware of their recent soft recalls and lawsuits."
3R6RZGK0YP9FACEKWUQGUZIYX93YV1,3KBQBQZF8K7LZ1S4O49I6140Q4VAPO,Find the names of eBikes mentioned in a reddit comment,"Open a link to a comment on Reddit, extract the names of the first 3 eBikes make/models mentioned in the comment","data collection, data extraction",$0.15 ,Fri Jan 13 15:18:31 PST 2023,2,BatchId:4986878;OriginalHitTemplateId:928390828;,300,259200,Mon Jan 16 15:18:31 PST 2023,,,3NC5L260MZJH6KMMGUHGZ6D0O9MFOB,A2KJ983WWTEK4L,Approved,Fri Jan 13 16:37:08 PST 2023,Fri Jan 13 16:40:40 PST 2023,Mon Jan 16 16:40:40 PST 2023,Mon Jan 16 16:40:48 PST 2023,,,212,100% (6/6),100% (6/6),0% (0/0),https://www.reddit.com/r/ebikes/comments/yhbjmf/riding_ebike_to_commute_6o_miles_two_times_in_a/iucy07v/,external battery ebike,Monday Motorbikes GEN7,ortler,,,If I have an external battery ebike I can as soon as I go to the office I can plug in. So say I arrive at 10am and leave the office at 5pm. So I think that much of the time would be enough to charge the battery!
3R6RZGK0YP9FACEKWUQGUZIYX93YV1,3KBQBQZF8K7LZ1S4O49I6140Q4VAPO,Find the names of eBikes mentioned in a reddit comment,"Open a link to a comment on Reddit, extract the names of the first 3 eBikes make/models mentioned in the comment","data collection, data extraction",$0.15 ,Fri Jan 13 15:18:31 PST 2023,2,BatchId:4986878;OriginalHitTemplateId:928390828;,300,259200,Mon Jan 16 15:18:31 PST 2023,,,3C44YUNSICM2T0KR4OZ506F5M1WDP9,A3TDUHEBFJ53NM,Approved,Fri Jan 13 15:33:12 PST 2023,Fri Jan 13 15:35:27 PST 2023,Mon Jan 16 15:35:27 PST 2023,Mon Jan 16 15:35:48 PST 2023,,,135,100% (32/32),100% (32/32),0% (0/0),https://www.reddit.com/r/ebikes/comments/yhbjmf/riding_ebike_to_commute_6o_miles_two_times_in_a/iucy07v/,MTB,Ortler,NA,,,If I have an external battery ebike I can as soon as I go to the office I can plug in. So say I arrive at 10am and leave the office at 5pm. So I think that much of the time would be enough to charge the battery!
3R16PJFTTDOLWU6O8JO2C13AMAXK4G,3KBQBQZF8K7LZ1S4O49I6140Q4VAPO,Find the names of eBikes mentioned in a reddit comment,"Open a link to a comment on Reddit, extract the names of the first 3 eBikes make/models mentioned in the comment","data collection, data extraction",$0.15 ,Fri Jan 13 15:18:31 PST 2023,2,BatchId:4986878;OriginalHitTemplateId:928390828;,300,259200,Mon Jan 16 15:18:31 PST 2023,,,35GMH2SV3PEP06MQLJXAHOS0C87EOS,A2KJ983WWTEK4L,Approved,Fri Jan 13 16:34:20 PST 2023,Fri Jan 13 16:37:07 PST 2023,Mon Jan 16 16:37:07 PST 2023,Mon Jan 16 16:37:48 PST 2023,,,167,100% (6/6),100% (6/6),0% (0/0),https://www.reddit.com/r/ebikes/comments/xvwgtl/would_a_fat_tire_ebike_be_bad_for_food_delivery/ir3l8rf/,CCX,Crosscurrent X Step,Cross Current Step,,,oh gotcha. Thanks for the reply. I'm stuck between the Rip Current S or the Crosscurrent X Step Through.
3R16PJFTTDOLWU6O8JO2C13AMAXK4G,3KBQBQZF8K7LZ1S4O49I6140Q4VAPO,Find the names of eBikes mentioned in a reddit comment,"Open a link to a comment on Reddit, extract the names of the first 3 eBikes make/models mentioned in the comment","data collection, data extraction",$0.15 ,Fri Jan 13 15:18:31 PST 2023,2,BatchId:4986878;OriginalHitTemplateId:928390828;,300,259200,Mon Jan 16 15:18:31 PST 2023,,,3KV0LJBBHDIQ976JU92XOR2EWXERMZ,A3TDUHEBFJ53NM,Approved,Fri Jan 13 15:48:25 PST 2023,Fri Jan 13 15:49:51 PST 2023,Mon Jan 16 15:49:51 PST 2023,Mon Jan 16 15:50:48 PST 2023,,,86,100% (32/32),100% (32/32),0% (0/0),https://www.reddit.com/r/ebikes/comments/xvwgtl/would_a_fat_tire_ebike_be_bad_for_food_delivery/ir3l8rf/,RipCurrent,Crosscurrent,NA,,,oh gotcha. Thanks for the reply. I'm stuck between the Rip Current S or the Crosscurrent X Step Through.
3GMLHYZ0MOUFXXPKR4GBYDGFJ2UYUC,3KBQBQZF8K7LZ1S4O49I6140Q4VAPO,Find the names of eBikes mentioned in a reddit comment,"Open a link to a comment on Reddit, extract the names of the first 3 eBikes make/models mentioned in the comment","data collection, data extraction",$0.15 ,Fri Jan 13 15:18:31 PST 2023,2,BatchId:4986878;OriginalHitTemplateId:928390828;,300,259200,Mon Jan 16 15:18:31 PST 2023,,,3F0BG9B9M0KGL5BI4YS2D5YL4V2Y71,A2KJ983WWTEK4L,Approved,Fri Jan 13 16:40:41 PST 2023,Fri Jan 13 16:41:47 PST 2023,Mon Jan 16 16:41:47 PST 2023,Mon Jan 16 16:41:48 PST 2023,,,66,100% (6/6),100% (6/6),0% (0/0),https://www.reddit.com/r/ebikes/comments/yf2y9g/what_is_the_camrycivic_of_ebikes/iu1ndcv/,Camry/Civic,gazelle ultimate c380,MTB,,,"I love my gazelle ultimate c380, $4500"
3GMLHYZ0MOUFXXPKR4GBYDGFJ2UYUC,3KBQBQZF8K7LZ1S4O49I6140Q4VAPO,Find the names of eBikes mentioned in a reddit comment,"Open a link to a comment on Reddit, extract the names of the first 3 eBikes make/models mentioned in the comment","data collection, data extraction",$0.15 ,Fri Jan 13 15:18:31 PST 2023,2,BatchId:4986878;OriginalHitTemplateId:928390828;,300,259200,Mon Jan 16 15:18:31 PST 2023,,,3Z7VU45IP9E2F96LB4DCQ2GA7301ZS,A3TDUHEBFJ53NM,Approved,Fri Jan 13 15:29:20 PST 2023,Fri Jan 13 15:30:31 PST 2023,Mon Jan 16 15:30:31 PST 2023,Mon Jan 16 15:30:48 PST 2023,,,71,100% (32/32),100% (32/32),0% (0/0),https://www.reddit.com/r/ebikes/comments/yf2y9g/what_is_the_camrycivic_of_ebikes/iu1ndcv/,Gazelle Ultimate,MTB,Ortler,,,"I love my gazelle ultimate c380, $4500"
39TX062QYBL6YYMR7OY8SQJ64JH3X4,3KBQBQZF8K7LZ1S4O49I6140Q4VAPO,Find the names of eBikes mentioned in a reddit comment,"Open a link to a comment on Reddit, extract the names of the first 3 eBikes make/models mentioned in the comment","data collection, data extraction",$0.15 ,Fri Jan 13 15:18:31 PST 2023,2,BatchId:4986878;OriginalHitTemplateId:928390828;,300,259200,Mon Jan 16 15:18:31 PST 2023,,,3OWEPKL08K9M9674XWJRWP0E0E17NT,A1VKHE5L6QVFUV,Approved,Sat Jan 14 06:28:59 PST 2023,Sat Jan 14 06:29:50 PST 2023,Tue Jan 17 06:29:50 PST 2023,Mon Jan 16 18:49:35 PST 2023,,,51,100% (7/7),100% (7/7),0% (0/0),https://www.reddit.com/r/ebikes/comments/y02g6s/alternatives_to_radrvr6/irpqilj/,RadRover,NA,NA,,,"OK but that still doesn’t tell us what your criteria is for a bicycle. Range, weight, portability, local bike shop support…mountain bike, cruiser, racing bike. If the RadRover meets your needs I would keep it and not worry about what people on the sub are saying. Everyone’s experience with customer support is different. Some people need a lot more support than other people and get very frustrated when they don’t get an immediate response."
39TX062QYBL6YYMR7OY8SQJ64JH3X4,3KBQBQZF8K7LZ1S4O49I6140Q4VAPO,Find the names of eBikes mentioned in a reddit comment,"Open a link to a comment on Reddit, extract the names of the first 3 eBikes make/models mentioned in the comment","data collection, data extraction",$0.15 ,Fri Jan 13 15:18:31 PST 2023,2,BatchId:4986878;OriginalHitTemplateId:928390828;,300,259200,Mon Jan 16 15:18:31 PST 2023,,,3XC1O3LBO3JJJ41QYM6DOTO7KDJTLA,A3TDUHEBFJ53NM,Approved,Fri Jan 13 15:35:27 PST 2023,Fri Jan 13 15:38:34 PST 2023,Mon Jan 16 15:38:34 PST 2023,Mon Jan 16 15:38:48 PST 2023,,,187,100% (32/32),100% (32/32),0% (0/0),https://www.reddit.com/r/ebikes/comments/y02g6s/alternatives_to_radrvr6/irpqilj/,RadRover,Ortler,Cargo,,,"OK but that still doesn’t tell us what your criteria is for a bicycle. Range, weight, portability, local bike shop support…mountain bike, cruiser, racing bike. If the RadRover meets your needs I would keep it and not worry about what people on the sub are saying. Everyone’s experience with customer support is different. Some people need a lot more support than other people and get very frustrated when they don’t get an immediate response."
3D0LPO3EBLWKKS5NVI42Z7OQ1G6OYP,3KBQBQZF8K7LZ1S4O49I6140Q4VAPO,Find the names of eBikes mentioned in a reddit comment,"Open a link to a comment on Reddit, extract the names of the first 3 eBikes make/models mentioned in the comment","data collection, data extraction",$0.15 ,Fri Jan 13 15:18:31 PST 2023,2,BatchId:4986878;OriginalHitTemplateId:928390828;,300,259200,Mon Jan 16 15:18:31 PST 2023,,,3KRVW3HTZYI2AM6W9Y22E17AI23MSU,A1VKHE5L6QVFUV,Approved,Sat Jan 14 06:27:20 PST 2023,Sat Jan 14 06:28:52 PST 2023,Tue Jan 17 06:28:52 PST 2023,Mon Jan 16 18:49:35 PST 2023,,,92,100% (7/7),100% (7/7),0% (0/0),https://www.reddit.com/r/ebikes/comments/yfm7kh/recommendations_for_regular_looking_ebikes/iu4ftxa/,Aero,Flow,Ride1Up Core-5,,,Espin has the Aero which is very much a stealth e-bike. They also have the Flow that has the battery pretty well integrated into the frame. I also like the Ride1Up Core-5 with the battery very well integrated into the frame. We have all of these in my family and all are great. I suggest waiting closer to Black Friday or the Holidays as e-bikes often go on sale at deep discounts.
3D0LPO3EBLWKKS5NVI42Z7OQ1G6OYP,3KBQBQZF8K7LZ1S4O49I6140Q4VAPO,Find the names of eBikes mentioned in a reddit comment,"Open a link to a comment on Reddit, extract the names of the first 3 eBikes make/models mentioned in the comment","data collection, data extraction",$0.15 ,Fri Jan 13 15:18:31 PST 2023,2,BatchId:4986878;OriginalHitTemplateId:928390828;,300,259200,Mon Jan 16 15:18:31 PST 2023,,,3OS4RQUCRKCXNQXDCPCUTMD1HAXBFX,A3TDUHEBFJ53NM,Approved,Fri Jan 13 15:32:30 PST 2023,Fri Jan 13 15:33:12 PST 2023,Mon Jan 16 15:33:12 PST 2023,Mon Jan 16 15:33:48 PST 2023,,,42,100% (32/32),100% (32/32),0% (0/0),https://www.reddit.com/r/ebikes/comments/yfm7kh/recommendations_for_regular_looking_ebikes/iu4ftxa/,Espin,Ride1Up,NA,,,Espin has the Aero which is very much a stealth e-bike. They also have the Flow that has the battery pretty well integrated into the frame. I also like the Ride1Up Core-5 with the battery very well integrated into the frame. We have all of these in my family and all are great. I suggest waiting closer to Black Friday or the Holidays as e-bikes often go on sale at deep discounts.
3BC9H1KCZ49SP1EPM4VCG11C4I5YWB,3KBQBQZF8K7LZ1S4O49I6140Q4VAPO,Find the names of eBikes mentioned in a reddit comment,"Open a link to a comment on Reddit, extract the names of the first 3 eBikes make/models mentioned in the comment","data collection, data extraction",$0.15 ,Fri Jan 13 15:18:31 PST 2023,2,BatchId:4986878;OriginalHitTemplateId:928390828;,300,259200,Mon Jan 16 15:18:31 PST 2023,,,3IO1LGZLKKUI2Z6V8KPG8EANG6D86Y,A3SLY0SJLJZ0J1,Approved,Fri Jan 13 22:23:09 PST 2023,Fri Jan 13 22:23:38 PST 2023,Mon Jan 16 22:23:38 PST 2023,Mon Jan 16 18:49:35 PST 2023,,,29,100% (1/1),100% (1/1),0% (0/0),https://www.reddit.com/r/ebikes/comments/y9who5/im_looking_to_buy_my_first_e_bike_for_trails/it8dktk/,XP,NA,NA,,,"If you have steep hills and want the bike to do most of the work then get the higher wattage motor.
Most reviews online say the XP is better value and good for a first ebike.
Both bikes should last 3-5 years of regular commuting before the batteries need to be replaced (assuming you don’t leave them in the cold), then you can decide to replace the battery or sell and upgrade to a $3k or more bike that does more of what you want."
3BC9H1KCZ49SP1EPM4VCG11C4I5YWB,3KBQBQZF8K7LZ1S4O49I6140Q4VAPO,Find the names of eBikes mentioned in a reddit comment,"Open a link to a comment on Reddit, extract the names of the first 3 eBikes make/models mentioned in the comment","data collection, data extraction",$0.15 ,Fri Jan 13 15:18:31 PST 2023,2,BatchId:4986878;OriginalHitTemplateId:928390828;,300,259200,Mon Jan 16 15:18:31 PST 2023,,,33JKGHPFYNR5U9ER12LGF7X4V0MNM4,A3TDUHEBFJ53NM,Approved,Fri Jan 13 15:30:32 PST 2023,Fri Jan 13 15:32:30 PST 2023,Mon Jan 16 15:32:30 PST 2023,Mon Jan 16 15:32:48 PST 2023,,,118,100% (32/32),100% (32/32),0% (0/0),https://www.reddit.com/r/ebikes/comments/y9who5/im_looking_to_buy_my_first_e_bike_for_trails/it8dktk/,MTB,Ortler,NA,,,"If you have steep hills and want the bike to do most of the work then get the higher wattage motor.
Most reviews online say the XP is better value and good for a first ebike.
Both bikes should last 3-5 years of regular commuting before the batteries need to be replaced (assuming you don’t leave them in the cold), then you can decide to replace the battery or sell and upgrade to a $3k or more bike that does more of what you want."